{
  "type": "FeatureCollection", 
  "features": [
    {
      "geometry": {
        "type": "Point", 
        "coordinates": [
          -122.276011, 
          37.804967
        ]
      }, 
      "type": "Feature", 
      "properties": {
        "amenity": "parking", 
        "name": null, 
        "osm_id": 91968119
      }
    }, 
    {
      "geometry": {
        "type": "Point", 
        "coordinates": [
          -122.275766, 
          37.803286
        ]
      }, 
      "type": "Feature", 
      "properties": {
        "amenity": "parking", 
        "name": null, 
        "osm_id": 25347474
      }
    }, 
    {
      "geometry": {
        "type": "Point", 
        "coordinates": [
          -122.275423, 
          37.799984
        ]
      }, 
      "type": "Feature", 
      "properties": {
        "amenity": null, 
        "name": null, 
        "osm_id": 53081393
      }
    }, 
    {
      "geometry": {
        "type": "Point", 
        "coordinates": [
          -122.275338, 
          37.802808
        ]
      }, 
      "type": "Feature", 
      "properties": {
        "amenity": "restaurant", 
        "name": "Le Cheval", 
        "osm_id": 1087051020
      }
    }, 
    {
      "geometry": {
        "type": "Point", 
        "coordinates": [
          -122.275319, 
          37.801408
        ]
      }, 
      "type": "Feature", 
      "properties": {
        "amenity": "parking", 
        "name": null, 
        "osm_id": 25347476
      }
    }, 
    {
      "geometry": {
        "type": "Point", 
        "coordinates": [
          -122.275136, 
          37.803144
        ]
      }, 
      "type": "Feature", 
      "properties": {
        "amenity": "bar", 
        "name": "Arsimona", 
        "osm_id": 1087050994
      }
    }, 
    {
      "geometry": {
        "type": "Point", 
        "coordinates": [
          -122.275048, 
          37.798129
        ]
      }, 
      "type": "Feature", 
      "properties": {
        "amenity": null, 
        "name": null, 
        "osm_id": 52986575
      }
    }, 
    {
      "geometry": {
        "type": "Point", 
        "coordinates": [
          -122.274974, 
          37.803430
        ]
      }, 
      "type": "Feature", 
      "properties": {
        "amenity": "cafe", 
        "name": "It's A Grind", 
        "osm_id": 417089832
      }
    }, 
    {
      "geometry": {
        "type": "Point", 
        "coordinates": [
          -122.274816, 
          37.801238
        ]
      }, 
      "type": "Feature", 
      "properties": {
        "amenity": "restaurant", 
        "name": "Levende East", 
        "osm_id": 1087050894
      }
    }, 
    {
      "geometry": {
        "type": "Point", 
        "coordinates": [
          -122.274817, 
          37.803596
        ]
      }, 
      "type": "Feature", 
      "properties": {
        "amenity": "restaurant", 
        "name": "Penelope", 
        "osm_id": 1186413902
      }
    }, 
    {
      "geometry": {
        "type": "Point", 
        "coordinates": [
          -122.274777, 
          37.802744
        ]
      }, 
      "type": "Feature", 
      "properties": {
        "amenity": "parking", 
        "name": null, 
        "osm_id": 1087050987
      }
    }, 
    {
      "geometry": {
        "type": "Point", 
        "coordinates": [
          -122.274715, 
          37.801661
        ]
      }, 
      "type": "Feature", 
      "properties": {
        "amenity": null, 
        "name": "Swan's Market", 
        "osm_id": 1087051042
      }
    }, 
    {
      "geometry": {
        "type": "Point", 
        "coordinates": [
          -122.274691, 
          37.801317
        ]
      }, 
      "type": "Feature", 
      "properties": {
        "amenity": null, 
        "name": "Old Oakland Historic District", 
        "osm_id": 358808952
      }
    }, 
    {
      "geometry": {
        "type": "Point", 
        "coordinates": [
          -122.274475, 
          37.801165
        ]
      }, 
      "type": "Feature", 
      "properties": {
        "amenity": "restaurant", 
        "name": "B Restaurant & Bar", 
        "osm_id": 1186380389
      }
    }, 
    {
      "geometry": {
        "type": "Point", 
        "coordinates": [
          -122.274448, 
          37.800817
        ]
      }, 
      "type": "Feature", 
      "properties": {
        "amenity": "parking", 
        "name": null, 
        "osm_id": 25347486
      }
    }, 
    {
      "geometry": {
        "type": "Point", 
        "coordinates": [
          -122.274251, 
          37.801347
        ]
      }, 
      "type": "Feature", 
      "properties": {
        "amenity": "bar", 
        "name": "Air Bar & Lounge", 
        "osm_id": 1087051039
      }
    }, 
    {
      "geometry": {
        "type": "Point", 
        "coordinates": [
          -122.274241, 
          37.801593
        ]
      }, 
      "type": "Feature", 
      "properties": {
        "amenity": "bar", 
        "name": "Pacific Coast Brewery", 
        "osm_id": 1037998932
      }
    }, 
    {
      "geometry": {
        "type": "Point", 
        "coordinates": [
          -122.273991, 
          37.801767
        ]
      }, 
      "type": "Feature", 
      "properties": {
        "amenity": null, 
        "name": "The Washington Inn", 
        "osm_id": 1037998903
      }
    }, 
    {
      "geometry": {
        "type": "Point", 
        "coordinates": [
          -122.273857, 
          37.804380
        ]
      }, 
      "type": "Feature", 
      "properties": {
        "amenity": "cafe", 
        "name": "Starbucks Coffee", 
        "osm_id": 1186413938
      }
    }, 
    {
      "geometry": {
        "type": "Point", 
        "coordinates": [
          -122.273811, 
          37.803465
        ]
      }, 
      "type": "Feature", 
      "properties": {
        "amenity": "parking", 
        "name": "City Center Parking Garage", 
        "osm_id": 1068234146
      }
    }, 
    {
      "geometry": {
        "type": "Point", 
        "coordinates": [
          -122.273755, 
          37.804567
        ]
      }, 
      "type": "Feature", 
      "properties": {
        "amenity": "restaurant", 
        "name": "San Francisco Soup Company", 
        "osm_id": 1186413903
      }
    }, 
    {
      "geometry": {
        "type": "Point", 
        "coordinates": [
          -122.273746, 
          37.800188
        ]
      }, 
      "type": "Feature", 
      "properties": {
        "amenity": null, 
        "name": null, 
        "osm_id": 53077109
      }
    }, 
    {
      "geometry": {
        "type": "Point", 
        "coordinates": [
          -122.273728, 
          37.801607
        ]
      }, 
      "type": "Feature", 
      "properties": {
        "amenity": "parking", 
        "name": null, 
        "osm_id": 89535258
      }
    }, 
    {
      "geometry": {
        "type": "Point", 
        "coordinates": [
          -122.273508, 
          37.804274
        ]
      }, 
      "type": "Feature", 
      "properties": {
        "amenity": "fast_food", 
        "name": "Quiznos", 
        "osm_id": 1186413874
      }
    }, 
    {
      "geometry": {
        "type": "Point", 
        "coordinates": [
          -122.273369, 
          37.801316
        ]
      }, 
      "type": "Feature", 
      "properties": {
        "amenity": null, 
        "name": "Smart & Final", 
        "osm_id": 1087051017
      }
    }, 
    {
      "geometry": {
        "type": "Point", 
        "coordinates": [
          -122.273327, 
          37.800887
        ]
      }, 
      "type": "Feature", 
      "properties": {
        "amenity": null, 
        "name": null, 
        "osm_id": 53055586
      }
    }, 
    {
      "geometry": {
        "type": "Point", 
        "coordinates": [
          -122.273170, 
          37.803969
        ]
      }, 
      "type": "Feature", 
      "properties": {
        "amenity": "restaurant", 
        "name": "Max's Diner & Bar", 
        "osm_id": 1186413878
      }
    }, 
    {
      "geometry": {
        "type": "Point", 
        "coordinates": [
          -122.273095, 
          37.804316
        ]
      }, 
      "type": "Feature", 
      "properties": {
        "amenity": "restaurant", 
        "name": "La Salsa", 
        "osm_id": 1186413882
      }
    }, 
    {
      "geometry": {
        "type": "Point", 
        "coordinates": [
          -122.272930, 
          37.804266
        ]
      }, 
      "type": "Feature", 
      "properties": {
        "amenity": "restaurant", 
        "name": "Bagel Street Cafe", 
        "osm_id": 1186413906
      }
    }, 
    {
      "geometry": {
        "type": "Point", 
        "coordinates": [
          -122.272811, 
          37.803910
        ]
      }, 
      "type": "Feature", 
      "properties": {
        "amenity": "restaurant", 
        "name": "Jamba Juice", 
        "osm_id": 1186413847
      }
    }, 
    {
      "geometry": {
        "type": "Point", 
        "coordinates": [
          -122.272725, 
          37.804168
        ]
      }, 
      "type": "Feature", 
      "properties": {
        "amenity": "restaurant", 
        "name": "Fountain Cafe", 
        "osm_id": 1186413856
      }
    }, 
    {
      "geometry": {
        "type": "Point", 
        "coordinates": [
          -122.272623, 
          37.802965
        ]
      }, 
      "type": "Feature", 
      "properties": {
        "amenity": "cafe", 
        "name": "Peet's Coffee & Tea", 
        "osm_id": 1186413846
      }
    }, 
    {
      "geometry": {
        "type": "Point", 
        "coordinates": [
          -122.272591, 
          37.803494
        ]
      }, 
      "type": "Feature", 
      "properties": {
        "amenity": "bank", 
        "name": "Wells Fargo Bank", 
        "osm_id": 1186413914
      }
    }, 
    {
      "geometry": {
        "type": "Point", 
        "coordinates": [
          -122.272570, 
          37.804109
        ]
      }, 
      "type": "Feature", 
      "properties": {
        "amenity": "fast_food", 
        "name": "Top Dog", 
        "osm_id": 1186413872
      }
    }, 
    {
      "geometry": {
        "type": "Point", 
        "coordinates": [
          -122.272462, 
          37.802256
        ]
      }, 
      "type": "Feature", 
      "properties": {
        "amenity": null, 
        "name": null, 
        "osm_id": 53077110
      }
    }, 
    {
      "geometry": {
        "type": "Point", 
        "coordinates": [
          -122.272312, 
          37.803816
        ]
      }, 
      "type": "Feature", 
      "properties": {
        "amenity": "cafe", 
        "name": "Crema Coffee Bar", 
        "osm_id": 1186413845
      }
    }, 
    {
      "geometry": {
        "type": "Point", 
        "coordinates": [
          -122.272191, 
          37.801039
        ]
      }, 
      "type": "Feature", 
      "properties": {
        "amenity": "place_of_worship", 
        "name": "Oakland Revival Tabernacle", 
        "osm_id": 358851514
      }
    }, 
    {
      "geometry": {
        "type": "Point", 
        "coordinates": [
          -122.272050, 
          37.802934
        ]
      }, 
      "type": "Feature", 
      "properties": {
        "amenity": null, 
        "name": "Oakland City Center - 12th St BART", 
        "osm_id": 243174035
      }
    }, 
    {
      "geometry": {
        "type": "Point", 
        "coordinates": [
          -122.271666, 
          37.804276
        ]
      }, 
      "type": "Feature", 
      "properties": {
        "amenity": "pharmacy", 
        "name": "Walgreens", 
        "osm_id": 1186413939
      }
    }, 
    {
      "geometry": {
        "type": "Point", 
        "coordinates": [
          -122.271614, 
          37.803634
        ]
      }, 
      "type": "Feature", 
      "properties": {
        "amenity": null, 
        "name": "Downtown", 
        "osm_id": 1214036345
      }
    }, 
    {
      "geometry": {
        "type": "Point", 
        "coordinates": [
          -122.271392, 
          37.802211
        ]
      }, 
      "type": "Feature", 
      "properties": {
        "amenity": "public_building", 
        "name": "University of California System Administration Central Office", 
        "osm_id": 368171574
      }
    }, 
    {
      "geometry": {
        "type": "Point", 
        "coordinates": [
          -122.271105, 
          37.804732
        ]
      }, 
      "type": "Feature", 
      "properties": {
        "amenity": "cafe", 
        "name": "Tully's Coffee", 
        "osm_id": 1186413886
      }
    }, 
    {
      "geometry": {
        "type": "Point", 
        "coordinates": [
          -122.271045, 
          37.800885
        ]
      }, 
      "type": "Feature", 
      "properties": {
        "amenity": "library", 
        "name": "Asian Branch Oakland Public Library", 
        "osm_id": 368169433
      }
    }, 
    {
      "geometry": {
        "type": "Point", 
        "coordinates": [
          -122.270934, 
          37.804398
        ]
      }, 
      "type": "Feature", 
      "properties": {
        "amenity": "pharmacy", 
        "name": "Rite Aid", 
        "osm_id": 1191700997
      }
    }, 
    {
      "geometry": {
        "type": "Point", 
        "coordinates": [
          -122.270896, 
          37.801117
        ]
      }, 
      "type": "Feature", 
      "properties": {
        "amenity": "parking", 
        "name": null, 
        "osm_id": 1068458080
      }
    }, 
    {
      "geometry": {
        "type": "Point", 
        "coordinates": [
          -122.270817, 
          37.804381
        ]
      }, 
      "type": "Feature", 
      "properties": {
        "amenity": null, 
        "name": "Oakland", 
        "osm_id": 150980683
      }
    }, 
    {
      "geometry": {
        "type": "Point", 
        "coordinates": [
          -122.270445, 
          37.803376
        ]
      }, 
      "type": "Feature", 
      "properties": {
        "amenity": "restaurant", 
        "name": "Golden Lotus Vegetarian", 
        "osm_id": 1186413904
      }
    }, 
    {
      "geometry": {
        "type": "Point", 
        "coordinates": [
          -122.270301, 
          37.805343
        ]
      }, 
      "type": "Feature", 
      "properties": {
        "amenity": "restaurant", 
        "name": "Pizza Man", 
        "osm_id": 1186413851
      }
    }, 
    {
      "geometry": {
        "type": "Point", 
        "coordinates": [
          -122.270125, 
          37.804505
        ]
      }, 
      "type": "Feature", 
      "properties": {
        "amenity": "parking", 
        "name": null, 
        "osm_id": 25347621
      }
    }, 
    {
      "geometry": {
        "type": "Point", 
        "coordinates": [
          -122.269963, 
          37.803848
        ]
      }, 
      "type": "Feature", 
      "properties": {
        "amenity": null, 
        "name": null, 
        "osm_id": 53027379
      }
    }, 
    {
      "geometry": {
        "type": "Point", 
        "coordinates": [
          -122.269833, 
          37.804668
        ]
      }, 
      "type": "Feature", 
      "properties": {
        "amenity": "school", 
        "name": "Lincoln University", 
        "osm_id": 358858388
      }
    }, 
    {
      "geometry": {
        "type": "Point", 
        "coordinates": [
          -122.269675, 
          37.802563
        ]
      }, 
      "type": "Feature", 
      "properties": {
        "amenity": "parking", 
        "name": null, 
        "osm_id": 25347543
      }
    }, 
    {
      "geometry": {
        "type": "Point", 
        "coordinates": [
          -122.269577, 
          37.803282
        ]
      }, 
      "type": "Feature", 
      "properties": {
        "amenity": "parking", 
        "name": "Downtown Merchants Parking Garage", 
        "osm_id": 25169852
      }
    }, 
    {
      "geometry": {
        "type": "Point", 
        "coordinates": [
          -122.269481, 
          37.804996
        ]
      }, 
      "type": "Feature", 
      "properties": {
        "amenity": "restaurant", 
        "name": "Rico's Diner", 
        "osm_id": 1191700993
      }
    }, 
    {
      "geometry": {
        "type": "Point", 
        "coordinates": [
          -122.269414, 
          37.804372
        ]
      }, 
      "type": "Feature", 
      "properties": {
        "amenity": "post_office", 
        "name": "Station B Oakland Post Office", 
        "osm_id": 358819734
      }
    }, 
    {
      "geometry": {
        "type": "Point", 
        "coordinates": [
          -122.269383, 
          37.805156
        ]
      }, 
      "type": "Feature", 
      "properties": {
        "amenity": "bar", 
        "name": "The Layover", 
        "osm_id": 1186413940
      }
    }, 
    {
      "geometry": {
        "type": "Point", 
        "coordinates": [
          -122.269354, 
          37.804825
        ]
      }, 
      "type": "Feature", 
      "properties": {
        "amenity": null, 
        "name": null, 
        "osm_id": 53027381
      }
    }, 
    {
      "geometry": {
        "type": "Point", 
        "coordinates": [
          -122.269340, 
          37.804150
        ]
      }, 
      "type": "Feature", 
      "properties": {
        "amenity": "parking", 
        "name": null, 
        "osm_id": 25347567
      }
    }, 
    {
      "geometry": {
        "type": "Point", 
        "coordinates": [
          -122.268913, 
          37.803923
        ]
      }, 
      "type": "Feature", 
      "properties": {
        "amenity": "parking", 
        "name": null, 
        "osm_id": 25347571
      }
    }, 
    {
      "geometry": {
        "type": "Point", 
        "coordinates": [
          -122.268858, 
          37.803539
        ]
      }, 
      "type": "Feature", 
      "properties": {
        "amenity": null, 
        "name": "Jules Building", 
        "osm_id": 368173319
      }
    }, 
    {
      "geometry": {
        "type": "Point", 
        "coordinates": [
          -122.268783, 
          37.803386
        ]
      }, 
      "type": "Feature", 
      "properties": {
        "amenity": null, 
        "name": null, 
        "osm_id": 53082887
      }
    }, 
    {
      "geometry": {
        "type": "Point", 
        "coordinates": [
          -122.268739, 
          37.805117
        ]
      }, 
      "type": "Feature", 
      "properties": {
        "amenity": "parking", 
        "name": null, 
        "osm_id": 91933816
      }
    }, 
    {
      "geometry": {
        "type": "Point", 
        "coordinates": [
          -122.268580, 
          37.801872
        ]
      }, 
      "type": "Feature", 
      "properties": {
        "amenity": null, 
        "name": "King Building", 
        "osm_id": 368173318
      }
    }, 
    {
      "geometry": {
        "type": "Point", 
        "coordinates": [
          -122.268523, 
          37.803127
        ]
      }, 
      "type": "Feature", 
      "properties": {
        "amenity": "bar", 
        "name": "Disco Volante", 
        "osm_id": 1057316199
      }
    }, 
    {
      "geometry": {
        "type": "Point", 
        "coordinates": [
          -122.268372, 
          37.803367
        ]
      }, 
      "type": "Feature", 
      "properties": {
        "amenity": "cafe", 
        "name": "Brown Couch Cafe", 
        "osm_id": 1057316365
      }
    }, 
    {
      "geometry": {
        "type": "Point", 
        "coordinates": [
          -122.268181, 
          37.802430
        ]
      }, 
      "type": "Feature", 
      "properties": {
        "amenity": "cafe", 
        "name": "The Break Room Vegetarian", 
        "osm_id": 694029464
      }
    }, 
    {
      "geometry": {
        "type": "Point", 
        "coordinates": [
          -122.268173, 
          37.804356
        ]
      }, 
      "type": "Feature", 
      "properties": {
        "amenity": null, 
        "name": null, 
        "osm_id": 53037531
      }
    }, 
    {
      "geometry": {
        "type": "Point", 
        "coordinates": [
          -122.268030, 
          37.805293
        ]
      }, 
      "type": "Feature", 
      "properties": {
        "amenity": "parking", 
        "name": null, 
        "osm_id": 91933898
      }
    }, 
    {
      "geometry": {
        "type": "Point", 
        "coordinates": [
          -122.267169, 
          37.804347
        ]
      }, 
      "type": "Feature", 
      "properties": {
        "amenity": "parking", 
        "name": null, 
        "osm_id": 25347576
      }
    }
  ]
}